Designator,Footprint,Quantity,Value,LCSC Part #
BT1,CONN-TH_B2B-PH-K-S,1,JST Battery connector,C131337
"C1, C9",0603,2,22uF,
"C2, C3, C4, C7",0603,4,0.1uF,
"C5, C6, C8",0603,3,4.7uF,
"D1, D2, D3",0603,3,LED_R,
D4,D_SOD-123F,1,SS24,
J1,USB_C_Receptacle_GCT_USB4105-xx-A_16P_TopMnt_Horizontal,1,USB_C_Receptacle_USB2.0_16P,
"J2, J3",PinHeader_1x22_P2.54mm_Vertical,2,Header 22pin,
L1,1008,1,2.2uH,
Q1,SOT-23,1,DMP2045U-7,
"R1, R10, R11, R4, R7, R8, R9",0603,7,10K,
"R12, R2, R3, R5, R6",0603,5,5.1K,
R13,0603,1,100K,
R14,0603,1,619K/0.1%,
R15,0603,1,137K/0.1%,
"SW1, SW2",SW-SMD_L3.9-W3.0-P4.45,2,Tactile SW,C115357
U1,ESP32-S3-WROOM-1,1,ESP32-S3-WROOM-1,
U2,SOT-23-6,1,USBLC6-2SC6,
U3,SOT-23-5,1,MCP73831-2-OT,
U4,MicroCrystal_C7_SON-8_1.5x3.2mm_P0.9mm,1,RV-3028-C7,
U5,SOT-583-8,1,TPS629210,
