"Reference","Qty","lcsc#","digikey#"
"BT1","1","C131337","455-1704-ND"
"C1,C9","2","C86295","1276-1274-1-ND"
"C2,C3,C4,C7","4","C1591","1276-1000-1-ND"
"C5,C6,C8","3","C69335","1276-1900-1-ND"
"D1,D2,D3","3","C157741","160-1830-1-ND"
"D4","1","C2827931","1801-SS24LWCT-ND"
"J1","1","C2765186","2073-USB4215-03-ACT-ND"
"J2,J3","2","C41375941","-"
"L1","1","C237482","490-DFE252012PD-2R2M=P2CT-ND"
"Q1","1","C459541","DMP2045U-7DICT-ND"
"R1,R4,R7,R8,R9,R10,R11","7","C95204","YAG1236CT-ND"
"R2,R3,R5,R6,R12","5","C122969","YAG1696CT-ND"
"R13","1","C100048","311-100KGRCT-ND"
"R14","1","C861497","MCT0603MD6193BP500"
"R15","1","C861114","ERA-3AEB1373V"
"SW1,SW2","2","C115357","4809-SKRKAEE020CT-ND"
"U1","1","C2913205","5407-ESP32-S3-WROOM-1-N16R2CT-ND"
"U2","1","C7519","5399-USBLC6-2SC6CT-ND"
"U3","1","C424093","MCP73831T-2ACI/OTCT-ND"
"U4","1","C3019759","2195-RV-3028-C732.768KHZ1PPM-TA-QACT-ND"
"U5","1","C5219301","296-TPS629210DRLRCT-ND"
