Designator,Mid X,Mid Y,Rotation,Layer
BT1,49.4,-98.82,90.0,top
C1,42.8,-47.5,270.0,top
C2,42.8,-44.5,90.0,top
C3,53.2,-87.9,0.0,top
C4,53.3,-79.0,0.0,top
C5,56.1,-103.22,270.0,top
C6,56.775,-105.52,0.0,top
C7,54.95,-74.55,0.0,top
C8,54.725,-97.4,180.0,top
C9,51.9,-95.2,270.0,top
D1,50.3,-107.7,270.0,top
D2,57.2875,-107.5,180.0,top
D3,57.3,-112.0,180.0,top
D4,57.35,-98.92,270.0,top
J1,53.5,-118.2,0.0,top
J2,43.279999,-92.73,0.0,top
J3,63.599999,-92.73,0.0,top
L1,53.1,-92.3,180.0,top
Q1,53.1125,-99.87,0.0,top
R1,49.6,-85.0,270.0,top
R10,51.2,-103.495,270.0,top
R11,51.95,-74.55,180.0,top
R12,57.3,-110.5,180.0,top
R13,57.6,-103.22,270.0,top
R14,56.3,-90.3,270.0,top
R15,57.1,-92.6,0.0,top
R2,60.3,-117.4,270.0,top
R3,46.6,-117.4,270.0,top
R4,49.6,-81.9,90.0,top
R5,50.3,-110.7,90.0,top
R6,57.2875,-109.0,180.0,top
R7,54.0,-64.5,90.0,top
R8,55.5,-64.5,90.0,top
R9,56.15,-72.3,90.0,top
SW1,53.2,-85.5,180.0,top
SW2,53.2,-81.4,180.0,top
U1,53.5,-49.4,0.0,top
U2,53.5,-110.2,270.0,top
U3,53.65,-103.62,270.0,top
U4,53.45,-72.35,270.0,top
U5,55.5,-95.26,270.0,top
